{
    "kd": 0.800000011920929,
    "ks": 0.20000000298023224,
    "mesh": "chessboard.obj",
    "positionOffset": [
        0.0,
        -0.9700000286102295,
        0.0
    ],
    "rotationOffset": [
        0.0,
        -0.0,
        0.0
    ],
    "scale": 1.0,
    "scaleOffset": 425.0,
    "shininess": 1.0,
    "texture": "DefaultMaterial_albedo.jpg"
}